data,submercado,pld,ano,mes
2001-01-01,NORDESTE,33.87,2001,1
2001-01-01,NORTE,33.87,2001,1
2001-01-01,SUDESTE,56.92,2001,1
2001-01-01,SUL,56.92,2001,1
2001-02-01,NORDESTE,121.47,2001,2
2001-02-01,NORTE,121.47,2001,2
2001-02-01,SUDESTE,160.29,2001,2
2001-02-01,SUL,154.17,2001,2
2001-03-01,NORDESTE,154.21,2001,3
2001-03-01,NORTE,154.21,2001,3
2001-03-01,SUDESTE,165.97,2001,3
2001-03-01,SUL,151.6,2001,3
2001-04-01,NORDESTE,247.35,2001,4
2001-04-01,NORTE,247.35,2001,4
2001-04-01,SUDESTE,252.18,2001,4
2001-04-01,SUL,242.66,2001,4
2001-05-01,NORDESTE,440.99,2001,5
2001-05-01,NORTE,440.99,2001,5
2001-05-01,SUDESTE,459.89,2001,5
2001-05-01,SUL,420.22,2001,5
2001-06-01,NORDESTE,684.0,2001,6
2001-06-01,NORTE,549.42,2001,6
2001-06-01,SUDESTE,684.0,2001,6
2001-06-01,SUL,67.63,2001,6
2001-07-01,NORDESTE,684.0,2001,7
2001-07-01,NORTE,684.0,2001,7
2001-07-01,SUDESTE,684.0,2001,7
2001-07-01,SUL,53.64,2001,7
2001-08-01,NORDESTE,684.0,2001,8
2001-08-01,NORTE,684.0,2001,8
2001-08-01,SUDESTE,684.0,2001,8
2001-08-01,SUL,46.2,2001,8
2001-09-01,NORDESTE,647.45,2001,9
2001-09-01,NORTE,579.6,2001,9
2001-09-01,SUDESTE,579.6,2001,9
2001-09-01,SUL,74.25,2001,9
2001-10-01,NORDESTE,562.15,2001,10
2001-10-01,NORTE,336.0,2001,10
2001-10-01,SUDESTE,336.0,2001,10
2001-10-01,SUL,13.62,2001,10
2001-11-01,NORDESTE,562.15,2001,11
2001-11-01,NORTE,336.0,2001,11
2001-11-01,SUDESTE,336.0,2001,11
2001-11-01,SUL,38.05,2001,11
2001-12-01,NORDESTE,562.15,2001,12
2001-12-01,NORTE,336.0,2001,12
2001-12-01,SUDESTE,336.0,2001,12
2001-12-01,SUL,26.4,2001,12
2002-01-01,NORDESTE,515.17,2002,1
2002-01-01,NORTE,4.04,2002,1
2002-01-01,SUDESTE,297.05,2002,1
2002-01-01,SUL,50.49,2002,1
2002-02-01,NORDESTE,319.41,2002,2
2002-02-01,NORTE,4.45,2002,2
2002-02-01,SUDESTE,43.86,2002,2
2002-02-01,SUL,8.02,2002,2
2002-03-01,NORDESTE,5.79,2002,3
2002-03-01,NORTE,5.79,2002,3
2002-03-01,SUDESTE,9.77,2002,3
2002-03-01,SUL,9.11,2002,3
2002-04-01,NORDESTE,6.97,2002,4
2002-04-01,NORTE,9.12,2002,4
2002-04-01,SUDESTE,14.58,2002,4
2002-04-01,SUL,15.0,2002,4
2002-05-01,NORDESTE,4.12,2002,5
2002-05-01,NORTE,10.4,2002,5
2002-05-01,SUDESTE,19.53,2002,5
2002-05-01,SUL,20.23,2002,5
2002-06-01,NORDESTE,7.73,2002,6
2002-06-01,NORTE,7.01,2002,6
2002-06-01,SUDESTE,13.39,2002,6
2002-06-01,SUL,11.83,2002,6
2002-07-01,NORDESTE,16.45,2002,7
2002-07-01,NORTE,13.62,2002,7
2002-07-01,SUDESTE,16.67,2002,7
2002-07-01,SUL,16.9,2002,7
2002-08-01,NORDESTE,12.87,2002,8
2002-08-01,NORTE,11.22,2002,8
2002-08-01,SUDESTE,11.32,2002,8
2002-08-01,SUL,11.83,2002,8
2002-09-01,NORDESTE,5.35,2002,9
2002-09-01,NORTE,5.35,2002,9
2002-09-01,SUDESTE,5.82,2002,9
2002-09-01,SUL,5.97,2002,9
2002-10-01,NORDESTE,4.65,2002,10
2002-10-01,NORTE,4.65,2002,10
2002-10-01,SUDESTE,4.84,2002,10
2002-10-01,SUL,4.63,2002,10
2002-11-01,NORDESTE,6.0,2002,11
2002-11-01,NORTE,6.34,2002,11
2002-11-01,SUDESTE,6.44,2002,11
2002-11-01,SUL,4.54,2002,11
2002-12-01,NORDESTE,5.2,2002,12
2002-12-01,NORTE,6.31,2002,12
2002-12-01,SUDESTE,5.05,2002,12
2002-12-01,SUL,4.23,2002,12
2003-01-01,NORDESTE,4.33,2003,1
2003-01-01,NORTE,4.29,2003,1
2003-01-01,SUDESTE,4.05,2003,1
2003-01-01,SUL,4.02,2003,1
2003-02-01,NORDESTE,4.0,2003,2
2003-02-01,NORTE,4.0,2003,2
2003-02-01,SUDESTE,4.0,2003,2
2003-02-01,SUL,4.0,2003,2
2003-03-01,NORDESTE,4.0,2003,3
2003-03-01,NORTE,4.0,2003,3
2003-03-01,SUDESTE,4.0,2003,3
2003-03-01,SUL,4.0,2003,3
2003-04-01,NORDESTE,5.48,2003,4
2003-04-01,NORTE,5.48,2003,4
2003-04-01,SUDESTE,5.48,2003,4
2003-04-01,SUL,5.48,2003,4
2003-05-01,NORDESTE,6.34,2003,5
2003-05-01,NORTE,6.23,2003,5
2003-05-01,SUDESTE,7.3,2003,5
2003-05-01,SUL,7.3,2003,5
2003-06-01,NORDESTE,10.53,2003,6
2003-06-01,NORTE,10.43,2003,6
2003-06-01,SUDESTE,11.22,2003,6
2003-06-01,SUL,11.22,2003,6
2003-07-01,NORDESTE,9.87,2003,7
2003-07-01,NORTE,13.1,2003,7
2003-07-01,SUDESTE,13.14,2003,7
2003-07-01,SUL,13.92,2003,7
2003-08-01,NORDESTE,13.37,2003,8
2003-08-01,NORTE,16.89,2003,8
2003-08-01,SUDESTE,16.95,2003,8
2003-08-01,SUL,18.56,2003,8
2003-09-01,NORDESTE,15.44,2003,9
2003-09-01,NORTE,18.3,2003,9
2003-09-01,SUDESTE,18.3,2003,9
2003-09-01,SUL,20.52,2003,9
2003-10-01,NORDESTE,19.88,2003,10
2003-10-01,NORTE,25.73,2003,10
2003-10-01,SUDESTE,25.82,2003,10
2003-10-01,SUL,26.3,2003,10
2003-11-01,NORDESTE,24.7,2003,11
2003-11-01,NORTE,27.91,2003,11
2003-11-01,SUDESTE,28.03,2003,11
2003-11-01,SUL,29.85,2003,11
2003-12-01,NORDESTE,49.41,2003,12
2003-12-01,NORTE,19.93,2003,12
2003-12-01,SUDESTE,20.18,2003,12
2003-12-01,SUL,20.18,2003,12
2004-01-01,NORDESTE,294.09,2004,1
2004-01-01,NORTE,21.48,2004,1
2004-01-01,SUDESTE,23.68,2004,1
2004-01-01,SUL,23.68,2004,1
2004-02-01,NORDESTE,18.59,2004,2
2004-02-01,NORTE,18.59,2004,2
2004-02-01,SUDESTE,18.59,2004,2
2004-02-01,SUL,18.59,2004,2
2004-03-01,NORDESTE,18.59,2004,3
2004-03-01,NORTE,18.59,2004,3
2004-03-01,SUDESTE,18.59,2004,3
2004-03-01,SUL,18.59,2004,3
2004-04-01,NORDESTE,18.59,2004,4
2004-04-01,NORTE,18.59,2004,4
2004-04-01,SUDESTE,18.59,2004,4
2004-04-01,SUL,18.59,2004,4
2004-05-01,NORDESTE,18.59,2004,5
2004-05-01,NORTE,18.59,2004,5
2004-05-01,SUDESTE,18.59,2004,5
2004-05-01,SUL,18.59,2004,5
2004-06-01,NORDESTE,18.59,2004,6
2004-06-01,NORTE,18.59,2004,6
2004-06-01,SUDESTE,18.59,2004,6
2004-06-01,SUL,18.59,2004,6
2004-07-01,NORDESTE,18.59,2004,7
2004-07-01,NORTE,18.59,2004,7
2004-07-01,SUDESTE,18.59,2004,7
2004-07-01,SUL,18.59,2004,7
2004-08-01,NORDESTE,18.59,2004,8
2004-08-01,NORTE,18.59,2004,8
2004-08-01,SUDESTE,18.59,2004,8
2004-08-01,SUL,18.59,2004,8
2004-09-01,NORDESTE,18.59,2004,9
2004-09-01,NORTE,18.59,2004,9
2004-09-01,SUDESTE,18.59,2004,9
2004-09-01,SUL,18.59,2004,9
2004-10-01,NORDESTE,18.59,2004,10
2004-10-01,NORTE,18.75,2004,10
2004-10-01,SUDESTE,18.75,2004,10
2004-10-01,SUL,18.75,2004,10
2004-11-01,NORDESTE,18.59,2004,11
2004-11-01,NORTE,18.59,2004,11
2004-11-01,SUDESTE,18.59,2004,11
2004-11-01,SUL,18.59,2004,11
2004-12-01,NORDESTE,18.59,2004,12
2004-12-01,NORTE,18.59,2004,12
2004-12-01,SUDESTE,18.59,2004,12
2004-12-01,SUL,18.59,2004,12
2005-01-01,NORDESTE,18.33,2005,1
2005-01-01,NORTE,18.33,2005,1
2005-01-01,SUDESTE,18.33,2005,1
2005-01-01,SUL,18.33,2005,1
2005-02-01,NORDESTE,18.33,2005,2
2005-02-01,NORTE,18.33,2005,2
2005-02-01,SUDESTE,18.33,2005,2
2005-02-01,SUL,18.99,2005,2
2005-03-01,NORDESTE,18.33,2005,3
2005-03-01,NORTE,18.33,2005,3
2005-03-01,SUDESTE,18.33,2005,3
2005-03-01,SUL,27.3,2005,3
2005-04-01,NORDESTE,18.33,2005,4
2005-04-01,NORTE,18.87,2005,4
2005-04-01,SUDESTE,24.88,2005,4
2005-04-01,SUL,83.97,2005,4
2005-05-01,NORDESTE,18.33,2005,5
2005-05-01,NORTE,20.28,2005,5
2005-05-01,SUDESTE,43.96,2005,5
2005-05-01,SUL,79.35,2005,5
2005-06-01,NORDESTE,18.33,2005,6
2005-06-01,NORTE,25.42,2005,6
2005-06-01,SUDESTE,26.45,2005,6
2005-06-01,SUL,24.07,2005,6
2005-07-01,NORDESTE,18.33,2005,7
2005-07-01,NORTE,31.74,2005,7
2005-07-01,SUDESTE,31.74,2005,7
2005-07-01,SUL,31.56,2005,7
2005-08-01,NORDESTE,18.5,2005,8
2005-08-01,NORTE,34.51,2005,8
2005-08-01,SUDESTE,34.51,2005,8
2005-08-01,SUL,34.51,2005,8
2005-09-01,NORDESTE,18.4,2005,9
2005-09-01,NORTE,31.94,2005,9
2005-09-01,SUDESTE,31.94,2005,9
2005-09-01,SUL,29.42,2005,9
2005-10-01,NORDESTE,18.86,2005,10
2005-10-01,NORTE,43.12,2005,10
2005-10-01,SUDESTE,43.12,2005,10
2005-10-01,SUL,18.83,2005,10
2005-11-01,NORDESTE,19.79,2005,11
2005-11-01,NORTE,35.73,2005,11
2005-11-01,SUDESTE,35.73,2005,11
2005-11-01,SUL,24.17,2005,11
2005-12-01,NORDESTE,18.4,2005,12
2005-12-01,NORTE,19.2,2005,12
2005-12-01,SUDESTE,19.2,2005,12
2005-12-01,SUL,19.19,2005,12
2006-01-01,NORDESTE,19.14,2006,1
2006-01-01,NORTE,19.14,2006,1
2006-01-01,SUDESTE,28.64,2006,1
2006-01-01,SUL,28.78,2006,1
2006-02-01,NORDESTE,37.62,2006,2
2006-02-01,NORTE,29.2,2006,2
2006-02-01,SUDESTE,58.02,2006,2
2006-02-01,SUL,63.63,2006,2
2006-03-01,NORDESTE,36.1,2006,3
2006-03-01,NORTE,18.94,2006,3
2006-03-01,SUDESTE,28.56,2006,3
2006-03-01,SUL,42.67,2006,3
2006-04-01,NORDESTE,16.92,2006,4
2006-04-01,NORTE,16.92,2006,4
2006-04-01,SUDESTE,20.87,2006,4
2006-04-01,SUL,21.06,2006,4
2006-05-01,NORDESTE,19.79,2006,5
2006-05-01,NORTE,16.97,2006,5
2006-05-01,SUDESTE,51.91,2006,5
2006-05-01,SUL,52.51,2006,5
2006-06-01,NORDESTE,23.44,2006,6
2006-06-01,NORTE,44.84,2006,6
2006-06-01,SUDESTE,67.89,2006,6
2006-06-01,SUL,70.01,2006,6
2006-07-01,NORDESTE,30.61,2006,7
2006-07-01,NORTE,90.9,2006,7
2006-07-01,SUDESTE,90.9,2006,7
2006-07-01,SUL,91.44,2006,7
2006-08-01,NORDESTE,51.94,2006,8
2006-08-01,NORTE,104.98,2006,8
2006-08-01,SUDESTE,104.98,2006,8
2006-08-01,SUL,105.19,2006,8
2006-09-01,NORDESTE,68.56,2006,9
2006-09-01,NORTE,123.88,2006,9
2006-09-01,SUDESTE,123.88,2006,9
2006-09-01,SUL,123.88,2006,9
2006-10-01,NORDESTE,46.25,2006,10
2006-10-01,NORTE,92.42,2006,10
2006-10-01,SUDESTE,92.42,2006,10
2006-10-01,SUL,92.42,2006,10
2006-11-01,NORDESTE,24.4,2006,11
2006-11-01,NORTE,80.82,2006,11
2006-11-01,SUDESTE,80.82,2006,11
2006-11-01,SUL,80.82,2006,11
2006-12-01,NORDESTE,17.58,2006,12
2006-12-01,NORTE,45.23,2006,12
2006-12-01,SUDESTE,58.75,2006,12
2006-12-01,SUL,59.18,2006,12
2007-01-01,NORDESTE,17.59,2007,1
2007-01-01,NORTE,17.59,2007,1
2007-01-01,SUDESTE,22.62,2007,1
2007-01-01,SUL,26.28,2007,1
2007-02-01,NORDESTE,17.59,2007,2
2007-02-01,NORTE,17.59,2007,2
2007-02-01,SUDESTE,17.59,2007,2
2007-02-01,SUL,17.59,2007,2
2007-03-01,NORDESTE,17.59,2007,3
2007-03-01,NORTE,17.59,2007,3
2007-03-01,SUDESTE,17.59,2007,3
2007-03-01,SUL,17.59,2007,3
2007-04-01,NORDESTE,28.07,2007,4
2007-04-01,NORTE,24.25,2007,4
2007-04-01,SUDESTE,49.36,2007,4
2007-04-01,SUL,49.05,2007,4
2007-05-01,NORDESTE,53.37,2007,5
2007-05-01,NORTE,53.37,2007,5
2007-05-01,SUDESTE,59.96,2007,5
2007-05-01,SUL,23.48,2007,5
2007-06-01,NORDESTE,97.19,2007,6
2007-06-01,NORTE,97.35,2007,6
2007-06-01,SUDESTE,97.15,2007,6
2007-06-01,SUL,59.42,2007,6
2007-07-01,NORDESTE,118.94,2007,7
2007-07-01,NORTE,122.87,2007,7
2007-07-01,SUDESTE,122.59,2007,7
2007-07-01,SUL,122.19,2007,7
2007-08-01,NORDESTE,45.81,2007,8
2007-08-01,NORTE,44.36,2007,8
2007-08-01,SUDESTE,39.27,2007,8
2007-08-01,SUL,36.13,2007,8
2007-09-01,NORDESTE,149.11,2007,9
2007-09-01,NORTE,149.53,2007,9
2007-09-01,SUDESTE,149.53,2007,9
2007-09-01,SUL,149.8,2007,9
2007-10-01,NORDESTE,197.45,2007,10
2007-10-01,NORTE,198.13,2007,10
2007-10-01,SUDESTE,198.13,2007,10
2007-10-01,SUL,198.13,2007,10
2007-11-01,NORDESTE,185.11,2007,11
2007-11-01,NORTE,185.11,2007,11
2007-11-01,SUDESTE,185.11,2007,11
2007-11-01,SUL,185.11,2007,11
2007-12-01,NORDESTE,204.93,2007,12
2007-12-01,NORTE,204.93,2007,12
2007-12-01,SUDESTE,204.93,2007,12
2007-12-01,SUL,204.93,2007,12
2008-01-01,NORDESTE,497.61,2008,1
2008-01-01,NORTE,502.45,2008,1
2008-01-01,SUDESTE,502.45,2008,1
2008-01-01,SUL,502.45,2008,1
2008-02-01,NORDESTE,214.37,2008,2
2008-02-01,NORTE,200.43,2008,2
2008-02-01,SUDESTE,200.42,2008,2
2008-02-01,SUL,200.65,2008,2
2008-03-01,NORDESTE,123.24,2008,3
2008-03-01,NORTE,117.67,2008,3
2008-03-01,SUDESTE,124.7,2008,3
2008-03-01,SUL,127.41,2008,3
2008-04-01,NORDESTE,71.92,2008,4
2008-04-01,NORTE,50.97,2008,4
2008-04-01,SUDESTE,68.8,2008,4
2008-04-01,SUL,72.12,2008,4
2008-05-01,NORDESTE,34.42,2008,5
2008-05-01,NORTE,27.61,2008,5
2008-05-01,SUDESTE,34.18,2008,5
2008-05-01,SUL,34.19,2008,5
2008-06-01,NORDESTE,75.34,2008,6
2008-06-01,NORTE,75.34,2008,6
2008-06-01,SUDESTE,76.2,2008,6
2008-06-01,SUL,76.2,2008,6
2008-07-01,NORDESTE,108.42,2008,7
2008-07-01,NORTE,108.42,2008,7
2008-07-01,SUDESTE,108.42,2008,7
2008-07-01,SUL,108.42,2008,7
2008-08-01,NORDESTE,102.79,2008,8
2008-08-01,NORTE,102.79,2008,8
2008-08-01,SUDESTE,102.79,2008,8
2008-08-01,SUL,101.21,2008,8
2008-09-01,NORDESTE,109.91,2008,9
2008-09-01,NORTE,109.93,2008,9
2008-09-01,SUDESTE,109.93,2008,9
2008-09-01,SUL,109.4,2008,9
2008-10-01,NORDESTE,92.43,2008,10
2008-10-01,NORTE,92.43,2008,10
2008-10-01,SUDESTE,92.43,2008,10
2008-10-01,SUL,92.17,2008,10
2008-11-01,NORDESTE,106.14,2008,11
2008-11-01,NORTE,106.14,2008,11
2008-11-01,SUDESTE,106.14,2008,11
2008-11-01,SUL,93.77,2008,11
2008-12-01,NORDESTE,96.97,2008,12
2008-12-01,NORTE,96.97,2008,12
2008-12-01,SUDESTE,96.97,2008,12
2008-12-01,SUL,96.93,2008,12
2009-01-01,NORDESTE,77.77,2009,1
2009-01-01,NORTE,77.82,2009,1
2009-01-01,SUDESTE,83.64,2009,1
2009-01-01,SUL,83.66,2009,1
2009-02-01,NORDESTE,27.41,2009,2
2009-02-01,NORTE,27.41,2009,2
2009-02-01,SUDESTE,52.08,2009,2
2009-02-01,SUL,66.15,2009,2
2009-03-01,NORDESTE,84.25,2009,3
2009-03-01,NORTE,24.96,2009,3
2009-03-01,SUDESTE,90.87,2009,3
2009-03-01,SUL,91.28,2009,3
2009-04-01,NORDESTE,27.79,2009,4
2009-04-01,NORTE,16.31,2009,4
2009-04-01,SUDESTE,46.46,2009,4
2009-04-01,SUL,48.73,2009,4
2009-05-01,NORDESTE,30.17,2009,5
2009-05-01,NORTE,16.31,2009,5
2009-05-01,SUDESTE,39.0,2009,5
2009-05-01,SUL,39.1,2009,5
2009-06-01,NORDESTE,30.0,2009,6
2009-06-01,NORTE,23.14,2009,6
2009-06-01,SUDESTE,40.84,2009,6
2009-06-01,SUL,40.84,2009,6
2009-07-01,NORDESTE,25.55,2009,7
2009-07-01,NORTE,25.55,2009,7
2009-07-01,SUDESTE,30.43,2009,7
2009-07-01,SUL,30.43,2009,7
2009-08-01,NORDESTE,16.31,2009,8
2009-08-01,NORTE,16.31,2009,8
2009-08-01,SUDESTE,16.31,2009,8
2009-08-01,SUL,16.31,2009,8
2009-09-01,NORDESTE,16.31,2009,9
2009-09-01,NORTE,16.31,2009,9
2009-09-01,SUDESTE,16.31,2009,9
2009-09-01,SUL,16.31,2009,9
2009-10-01,NORDESTE,16.31,2009,10
2009-10-01,NORTE,16.31,2009,10
2009-10-01,SUDESTE,16.31,2009,10
2009-10-01,SUL,16.31,2009,10
2009-11-01,NORDESTE,16.31,2009,11
2009-11-01,NORTE,16.31,2009,11
2009-11-01,SUDESTE,16.31,2009,11
2009-11-01,SUL,16.31,2009,11
2009-12-01,NORDESTE,16.31,2009,12
2009-12-01,NORTE,16.31,2009,12
2009-12-01,SUDESTE,16.31,2009,12
2009-12-01,SUL,16.31,2009,12
2010-01-01,NORDESTE,12.91,2010,1
2010-01-01,NORTE,12.91,2010,1
2010-01-01,SUDESTE,12.91,2010,1
2010-01-01,SUL,12.91,2010,1
2010-02-01,NORDESTE,15.91,2010,2
2010-02-01,NORTE,13.82,2010,2
2010-02-01,SUDESTE,13.82,2010,2
2010-02-01,SUL,13.82,2010,2
2010-03-01,NORDESTE,30.38,2010,3
2010-03-01,NORTE,27.24,2010,3
2010-03-01,SUDESTE,27.24,2010,3
2010-03-01,SUL,27.24,2010,3
2010-04-01,NORDESTE,24.62,2010,4
2010-04-01,NORTE,21.46,2010,4
2010-04-01,SUDESTE,21.47,2010,4
2010-04-01,SUL,21.47,2010,4
2010-05-01,NORDESTE,33.99,2010,5
2010-05-01,NORTE,32.35,2010,5
2010-05-01,SUDESTE,32.34,2010,5
2010-05-01,SUL,30.1,2010,5
2010-06-01,NORDESTE,69.4,2010,6
2010-06-01,NORTE,69.4,2010,6
2010-06-01,SUDESTE,67.7,2010,6
2010-06-01,SUL,67.7,2010,6
2010-07-01,NORDESTE,97.56,2010,7
2010-07-01,NORTE,97.56,2010,7
2010-07-01,SUDESTE,89.61,2010,7
2010-07-01,SUL,89.61,2010,7
2010-08-01,NORDESTE,123.56,2010,8
2010-08-01,NORTE,123.55,2010,8
2010-08-01,SUDESTE,116.66,2010,8
2010-08-01,SUL,116.66,2010,8
2010-09-01,NORDESTE,189.37,2010,9
2010-09-01,NORTE,189.37,2010,9
2010-09-01,SUDESTE,132.1,2010,9
2010-09-01,SUL,131.78,2010,9
2010-10-01,NORDESTE,232.48,2010,10
2010-10-01,NORTE,232.48,2010,10
2010-10-01,SUDESTE,137.78,2010,10
2010-10-01,SUL,137.78,2010,10
2010-11-01,NORDESTE,115.05,2010,11
2010-11-01,NORTE,116.68,2010,11
2010-11-01,SUDESTE,116.68,2010,11
2010-11-01,SUL,116.68,2010,11
2010-12-01,NORDESTE,68.69,2010,12
2010-12-01,NORTE,71.62,2010,12
2010-12-01,SUDESTE,71.62,2010,12
2010-12-01,SUL,71.62,2010,12
2011-01-01,NORDESTE,28.96,2011,1
2011-01-01,NORTE,28.16,2011,1
2011-01-01,SUDESTE,28.19,2011,1
2011-01-01,SUL,28.19,2011,1
2011-02-01,NORDESTE,50.39,2011,2
2011-02-01,NORTE,49.33,2011,2
2011-02-01,SUDESTE,49.59,2011,2
2011-02-01,SUL,41.85,2011,2
2011-03-01,NORDESTE,24.91,2011,3
2011-03-01,NORTE,23.31,2011,3
2011-03-01,SUDESTE,23.41,2011,3
2011-03-01,SUL,20.95,2011,3
2011-04-01,NORDESTE,12.2,2011,4
2011-04-01,NORTE,12.2,2011,4
2011-04-01,SUDESTE,12.2,2011,4
2011-04-01,SUL,12.2,2011,4
2011-05-01,NORDESTE,17.24,2011,5
2011-05-01,NORTE,17.24,2011,5
2011-05-01,SUDESTE,17.35,2011,5
2011-05-01,SUL,17.35,2011,5
2011-06-01,NORDESTE,31.75,2011,6
2011-06-01,NORTE,31.75,2011,6
2011-06-01,SUDESTE,31.8,2011,6
2011-06-01,SUL,31.8,2011,6
2011-07-01,NORDESTE,23.13,2011,7
2011-07-01,NORTE,23.13,2011,7
2011-07-01,SUDESTE,23.08,2011,7
2011-07-01,SUL,22.66,2011,7
2011-08-01,NORDESTE,19.62,2011,8
2011-08-01,NORTE,19.62,2011,8
2011-08-01,SUDESTE,19.61,2011,8
2011-08-01,SUL,15.92,2011,8
2011-09-01,NORDESTE,21.18,2011,9
2011-09-01,NORTE,21.18,2011,9
2011-09-01,SUDESTE,21.18,2011,9
2011-09-01,SUL,16.98,2011,9
2011-10-01,NORDESTE,37.14,2011,10
2011-10-01,NORTE,37.14,2011,10
2011-10-01,SUDESTE,37.14,2011,10
2011-10-01,SUL,37.04,2011,10
2011-11-01,NORDESTE,45.55,2011,11
2011-11-01,NORTE,45.55,2011,11
2011-11-01,SUDESTE,45.55,2011,11
2011-11-01,SUL,45.55,2011,11
2011-12-01,NORDESTE,37.37,2011,12
2011-12-01,NORTE,37.37,2011,12
2011-12-01,SUDESTE,44.47,2011,12
2011-12-01,SUL,44.47,2011,12
2012-01-01,NORDESTE,12.92,2012,1
2012-01-01,NORTE,12.92,2012,1
2012-01-01,SUDESTE,23.14,2012,1
2012-01-01,SUL,23.14,2012,1
2012-02-01,NORDESTE,12.57,2012,2
2012-02-01,NORTE,12.57,2012,2
2012-02-01,SUDESTE,50.67,2012,2
2012-02-01,SUL,50.67,2012,2
2012-03-01,NORDESTE,109.12,2012,3
2012-03-01,NORTE,109.12,2012,3
2012-03-01,SUDESTE,124.97,2012,3
2012-03-01,SUL,124.97,2012,3
2012-04-01,NORDESTE,182.68,2012,4
2012-04-01,NORTE,182.68,2012,4
2012-04-01,SUDESTE,192.7,2012,4
2012-04-01,SUL,195.75,2012,4
2012-05-01,NORDESTE,180.37,2012,5
2012-05-01,NORTE,180.37,2012,5
2012-05-01,SUDESTE,180.94,2012,5
2012-05-01,SUL,180.94,2012,5
2012-06-01,NORDESTE,118.65,2012,6
2012-06-01,NORTE,118.49,2012,6
2012-06-01,SUDESTE,118.49,2012,6
2012-06-01,SUL,118.49,2012,6
2012-07-01,NORDESTE,91.24,2012,7
2012-07-01,NORTE,91.24,2012,7
2012-07-01,SUDESTE,91.24,2012,7
2012-07-01,SUL,91.24,2012,7
2012-08-01,NORDESTE,119.08,2012,8
2012-08-01,NORTE,119.08,2012,8
2012-08-01,SUDESTE,119.08,2012,8
2012-08-01,SUL,119.05,2012,8
2012-09-01,NORDESTE,183.3,2012,9
2012-09-01,NORTE,183.3,2012,9
2012-09-01,SUDESTE,182.94,2012,9
2012-09-01,SUL,182.94,2012,9
2012-10-01,NORDESTE,294.82,2012,10
2012-10-01,NORTE,294.82,2012,10
2012-10-01,SUDESTE,280.39,2012,10
2012-10-01,SUL,280.39,2012,10
2012-11-01,NORDESTE,375.54,2012,11
2012-11-01,NORTE,375.54,2012,11
2012-11-01,SUDESTE,375.54,2012,11
2012-11-01,SUL,375.54,2012,11
2012-12-01,NORDESTE,253.24,2012,12
2012-12-01,NORTE,253.24,2012,12
2012-12-01,SUDESTE,259.57,2012,12
2012-12-01,SUL,259.57,2012,12
2013-01-01,NORDESTE,409.76,2013,1
2013-01-01,NORTE,409.76,2013,1
2013-01-01,SUDESTE,413.95,2013,1
2013-01-01,SUL,413.95,2013,1
2013-02-01,NORDESTE,212.59,2013,2
2013-02-01,NORTE,212.59,2013,2
2013-02-01,SUDESTE,214.54,2013,2
2013-02-01,SUL,214.54,2013,2
2013-03-01,NORDESTE,339.84,2013,3
2013-03-01,NORTE,339.4,2013,3
2013-03-01,SUDESTE,339.75,2013,3
2013-03-01,SUL,339.75,2013,3
2013-04-01,NORDESTE,197.38,2013,4
2013-04-01,NORTE,196.13,2013,4
2013-04-01,SUDESTE,196.13,2013,4
2013-04-01,SUL,196.13,2013,4
2013-05-01,NORDESTE,344.94,2013,5
2013-05-01,NORTE,344.84,2013,5
2013-05-01,SUDESTE,344.84,2013,5
2013-05-01,SUL,344.84,2013,5
2013-06-01,NORDESTE,207.94,2013,6
2013-06-01,NORTE,207.67,2013,6
2013-06-01,SUDESTE,207.62,2013,6
2013-06-01,SUL,204.1,2013,6
2013-07-01,NORDESTE,121.61,2013,7
2013-07-01,NORTE,121.35,2013,7
2013-07-01,SUDESTE,121.29,2013,7
2013-07-01,SUL,102.59,2013,7
2013-08-01,NORDESTE,164.69,2013,8
2013-08-01,NORTE,163.38,2013,8
2013-08-01,SUDESTE,163.38,2013,8
2013-08-01,SUL,145.56,2013,8
2013-09-01,NORDESTE,269.1,2013,9
2013-09-01,NORTE,269.1,2013,9
2013-09-01,SUDESTE,266.16,2013,9
2013-09-01,SUL,248.36,2013,9
2013-10-01,NORDESTE,270.23,2013,10
2013-10-01,NORTE,262.48,2013,10
2013-10-01,SUDESTE,260.99,2013,10
2013-10-01,SUL,213.92,2013,10
2013-11-01,NORDESTE,331.07,2013,11
2013-11-01,NORTE,331.07,2013,11
2013-11-01,SUDESTE,331.07,2013,11
2013-11-01,SUL,331.07,2013,11
2013-12-01,NORDESTE,291.86,2013,12
2013-12-01,NORTE,290.72,2013,12
2013-12-01,SUDESTE,290.72,2013,12
2013-12-01,SUL,290.72,2013,12
2014-01-01,NORDESTE,379.35,2014,1
2014-01-01,NORTE,364.8,2014,1
2014-01-01,SUDESTE,378.22,2014,1
2014-01-01,SUL,378.22,2014,1
2014-02-01,NORDESTE,755.9,2014,2
2014-02-01,NORTE,452.44,2014,2
2014-02-01,SUDESTE,822.83,2014,2
2014-02-01,SUL,822.83,2014,2
2014-03-01,NORDESTE,756.37,2014,3
2014-03-01,NORTE,696.21,2014,3
2014-03-01,SUDESTE,822.83,2014,3
2014-03-01,SUL,822.83,2014,3
2014-04-01,NORDESTE,744.28,2014,4
2014-04-01,NORTE,640.73,2014,4
2014-04-01,SUDESTE,822.83,2014,4
2014-04-01,SUL,822.83,2014,4
2014-05-01,NORDESTE,772.21,2014,5
2014-05-01,NORTE,334.59,2014,5
2014-05-01,SUDESTE,806.97,2014,5
2014-05-01,SUL,806.97,2014,5
2014-06-01,NORDESTE,412.6,2014,6
2014-06-01,NORTE,412.6,2014,6
2014-06-01,SUDESTE,412.65,2014,6
2014-06-01,SUL,206.99,2014,6
2014-07-01,NORDESTE,592.54,2014,7
2014-07-01,NORTE,592.54,2014,7
2014-07-01,SUDESTE,592.54,2014,7
2014-07-01,SUL,503.1,2014,7
2014-08-01,NORDESTE,709.53,2014,8
2014-08-01,NORTE,709.53,2014,8
2014-08-01,SUDESTE,709.53,2014,8
2014-08-01,SUL,709.53,2014,8
2014-09-01,NORDESTE,728.95,2014,9
2014-09-01,NORTE,728.95,2014,9
2014-09-01,SUDESTE,728.95,2014,9
2014-09-01,SUL,728.95,2014,9
2014-10-01,NORDESTE,776.88,2014,10
2014-10-01,NORTE,776.88,2014,10
2014-10-01,SUDESTE,776.88,2014,10
2014-10-01,SUL,731.53,2014,10
2014-11-01,NORDESTE,804.54,2014,11
2014-11-01,NORTE,804.54,2014,11
2014-11-01,SUDESTE,804.54,2014,11
2014-11-01,SUL,804.54,2014,11
2014-12-01,NORDESTE,601.21,2014,12
2014-12-01,NORTE,601.21,2014,12
2014-12-01,SUDESTE,601.21,2014,12
2014-12-01,SUL,601.21,2014,12
2015-01-01,NORDESTE,388.48,2015,1
2015-01-01,NORTE,388.48,2015,1
2015-01-01,SUDESTE,388.48,2015,1
2015-01-01,SUL,388.48,2015,1
2015-02-01,NORDESTE,388.48,2015,2
2015-02-01,NORTE,388.48,2015,2
2015-02-01,SUDESTE,388.48,2015,2
2015-02-01,SUL,388.48,2015,2
2015-03-01,NORDESTE,388.48,2015,3
2015-03-01,NORTE,339.91,2015,3
2015-03-01,SUDESTE,388.48,2015,3
2015-03-01,SUL,388.48,2015,3
2015-04-01,NORDESTE,388.48,2015,4
2015-04-01,NORTE,127.36,2015,4
2015-04-01,SUDESTE,388.48,2015,4
2015-04-01,SUL,388.48,2015,4
2015-05-01,NORDESTE,387.24,2015,5
2015-05-01,NORTE,137.14,2015,5
2015-05-01,SUDESTE,387.24,2015,5
2015-05-01,SUL,387.24,2015,5
2015-06-01,NORDESTE,372.73,2015,6
2015-06-01,NORTE,372.73,2015,6
2015-06-01,SUDESTE,372.73,2015,6
2015-06-01,SUL,372.73,2015,6
2015-07-01,NORDESTE,243.74,2015,7
2015-07-01,NORTE,241.24,2015,7
2015-07-01,SUDESTE,240.08,2015,7
2015-07-01,SUL,205.97,2015,7
2015-08-01,NORDESTE,145.09,2015,8
2015-08-01,NORTE,145.09,2015,8
2015-08-01,SUDESTE,145.09,2015,8
2015-08-01,SUL,145.09,2015,8
2015-09-01,NORDESTE,227.04,2015,9
2015-09-01,NORTE,227.04,2015,9
2015-09-01,SUDESTE,227.04,2015,9
2015-09-01,SUL,227.04,2015,9
2015-10-01,NORDESTE,218.92,2015,10
2015-10-01,NORTE,218.92,2015,10
2015-10-01,SUDESTE,212.32,2015,10
2015-10-01,SUL,203.72,2015,10
2015-11-01,NORDESTE,274.9,2015,11
2015-11-01,NORTE,257.6,2015,11
2015-11-01,SUDESTE,202.87,2015,11
2015-11-01,SUL,186.28,2015,11
2015-12-01,NORDESTE,303.22,2015,12
2015-12-01,NORTE,166.89,2015,12
2015-12-01,SUDESTE,116.08,2015,12
2015-12-01,SUL,110.55,2015,12
2016-01-01,NORDESTE,310.38,2016,1
2016-01-01,NORTE,63.49,2016,1
2016-01-01,SUDESTE,35.66,2016,1
2016-01-01,SUL,35.61,2016,1
2016-02-01,NORDESTE,166.28,2016,2
2016-02-01,NORTE,30.42,2016,2
2016-02-01,SUDESTE,30.42,2016,2
2016-02-01,SUL,30.42,2016,2
2016-03-01,NORDESTE,249.11,2016,3
2016-03-01,NORTE,37.73,2016,3
2016-03-01,SUDESTE,37.73,2016,3
2016-03-01,SUL,37.73,2016,3
2016-04-01,NORDESTE,266.71,2016,4
2016-04-01,NORTE,49.46,2016,4
2016-04-01,SUDESTE,49.42,2016,4
2016-04-01,SUL,49.42,2016,4
2016-05-01,NORDESTE,106.07,2016,5
2016-05-01,NORTE,88.98,2016,5
2016-05-01,SUDESTE,75.93,2016,5
2016-05-01,SUL,74.91,2016,5
2016-06-01,NORDESTE,118.6,2016,6
2016-06-01,NORTE,102.22,2016,6
2016-06-01,SUDESTE,61.32,2016,6
2016-06-01,SUL,56.13,2016,6
2016-07-01,NORDESTE,108.68,2016,7
2016-07-01,NORTE,106.13,2016,7
2016-07-01,SUDESTE,83.43,2016,7
2016-07-01,SUL,83.43,2016,7
2016-08-01,NORDESTE,119.47,2016,8
2016-08-01,NORTE,119.47,2016,8
2016-08-01,SUDESTE,115.58,2016,8
2016-08-01,SUL,112.36,2016,8
2016-09-01,NORDESTE,149.02,2016,9
2016-09-01,NORTE,149.02,2016,9
2016-09-01,SUDESTE,149.02,2016,9
2016-09-01,SUL,140.35,2016,9
2016-10-01,NORDESTE,200.21,2016,10
2016-10-01,NORTE,200.21,2016,10
2016-10-01,SUDESTE,200.21,2016,10
2016-10-01,SUL,200.21,2016,10
2016-11-01,NORDESTE,166.05,2016,11
2016-11-01,NORTE,166.05,2016,11
2016-11-01,SUDESTE,166.05,2016,11
2016-11-01,SUL,166.05,2016,11
2016-12-01,NORDESTE,122.19,2016,12
2016-12-01,NORTE,122.19,2016,12
2016-12-01,SUDESTE,122.19,2016,12
2016-12-01,SUL,122.19,2016,12
2017-01-01,NORDESTE,139.25,2017,1
2017-01-01,NORTE,121.44,2017,1
2017-01-01,SUDESTE,121.44,2017,1
2017-01-01,SUL,121.44,2017,1
2017-02-01,NORDESTE,164.66,2017,2
2017-02-01,NORTE,82.18,2017,2
2017-02-01,SUDESTE,128.43,2017,2
2017-02-01,SUL,128.43,2017,2
2017-03-01,NORDESTE,284.01,2017,3
2017-03-01,NORTE,33.68,2017,3
2017-03-01,SUDESTE,216.24,2017,3
2017-03-01,SUL,216.24,2017,3
2017-04-01,NORDESTE,372.41,2017,4
2017-04-01,NORTE,33.68,2017,4
2017-04-01,SUDESTE,371.47,2017,4
2017-04-01,SUL,371.47,2017,4
2017-05-01,NORDESTE,418.2,2017,5
2017-05-01,NORTE,171.95,2017,5
2017-05-01,SUDESTE,411.49,2017,5
2017-05-01,SUL,411.49,2017,5
2017-06-01,NORDESTE,143.59,2017,6
2017-06-01,NORTE,128.96,2017,6
2017-06-01,SUDESTE,124.7,2017,6
2017-06-01,SUL,65.91,2017,6
2017-07-01,NORDESTE,280.81,2017,7
2017-07-01,NORTE,280.81,2017,7
2017-07-01,SUDESTE,280.81,2017,7
2017-07-01,SUL,280.81,2017,7
2017-08-01,NORDESTE,505.95,2017,8
2017-08-01,NORTE,505.95,2017,8
2017-08-01,SUDESTE,505.95,2017,8
2017-08-01,SUL,505.95,2017,8
2017-09-01,NORDESTE,521.83,2017,9
2017-09-01,NORTE,521.83,2017,9
2017-09-01,SUDESTE,521.83,2017,9
2017-09-01,SUL,521.83,2017,9
2017-10-01,NORDESTE,533.82,2017,10
2017-10-01,NORTE,533.82,2017,10
2017-10-01,SUDESTE,533.82,2017,10
2017-10-01,SUL,533.82,2017,10
2017-11-01,NORDESTE,425.18,2017,11
2017-11-01,NORTE,425.18,2017,11
2017-11-01,SUDESTE,425.17,2017,11
2017-11-01,SUL,425.17,2017,11
2017-12-01,NORDESTE,234.2,2017,12
2017-12-01,NORTE,233.27,2017,12
2017-12-01,SUDESTE,235.07,2017,12
2017-12-01,SUL,235.29,2017,12
2018-01-01,NORDESTE,178.01,2018,1
2018-01-01,NORTE,142.23,2018,1
2018-01-01,SUDESTE,180.07,2018,1
2018-01-01,SUL,177.82,2018,1
2018-02-01,NORDESTE,178.54,2018,2
2018-02-01,NORTE,42.91,2018,2
2018-02-01,SUDESTE,188.79,2018,2
2018-02-01,SUL,188.54,2018,2
2018-03-01,NORDESTE,218.14,2018,3
2018-03-01,NORTE,40.16,2018,3
2018-03-01,SUDESTE,219.23,2018,3
2018-03-01,SUL,219.23,2018,3
2018-04-01,NORDESTE,108.64,2018,4
2018-04-01,NORTE,51.13,2018,4
2018-04-01,SUDESTE,109.71,2018,4
2018-04-01,SUL,109.71,2018,4
2018-05-01,NORDESTE,211.57,2018,5
2018-05-01,NORTE,159.47,2018,5
2018-05-01,SUDESTE,325.46,2018,5
2018-05-01,SUL,325.46,2018,5
2018-06-01,NORDESTE,441.96,2018,6
2018-06-01,NORTE,441.96,2018,6
2018-06-01,SUDESTE,472.87,2018,6
2018-06-01,SUL,472.87,2018,6
2018-07-01,NORDESTE,505.18,2018,7
2018-07-01,NORTE,505.18,2018,7
2018-07-01,SUDESTE,505.18,2018,7
2018-07-01,SUL,505.18,2018,7
2018-08-01,NORDESTE,505.18,2018,8
2018-08-01,NORTE,505.18,2018,8
2018-08-01,SUDESTE,505.18,2018,8
2018-08-01,SUL,505.18,2018,8
2018-09-01,NORDESTE,472.75,2018,9
2018-09-01,NORTE,473.58,2018,9
2018-09-01,SUDESTE,472.75,2018,9
2018-09-01,SUL,472.75,2018,9
2018-10-01,NORDESTE,271.83,2018,10
2018-10-01,NORTE,271.83,2018,10
2018-10-01,SUDESTE,271.83,2018,10
2018-10-01,SUL,271.83,2018,10
2018-11-01,NORDESTE,123.92,2018,11
2018-11-01,NORTE,123.92,2018,11
2018-11-01,SUDESTE,123.92,2018,11
2018-11-01,SUL,123.92,2018,11
2018-12-01,NORDESTE,71.13,2018,12
2018-12-01,NORTE,51.61,2018,12
2018-12-01,SUDESTE,78.96,2018,12
2018-12-01,SUL,78.96,2018,12
2019-01-01,NORDESTE,84.76,2019,1
2019-01-01,NORTE,74.19,2019,1
2019-01-01,SUDESTE,192.1,2019,1
2019-01-01,SUL,192.1,2019,1
2019-02-01,NORDESTE,164.24,2019,2
2019-02-01,NORTE,45.28,2019,2
2019-02-01,SUDESTE,443.66,2019,2
2019-02-01,SUL,443.67,2019,2
2019-03-01,NORDESTE,154.15,2019,3
2019-03-01,NORTE,42.35,2019,3
2019-03-01,SUDESTE,234.49,2019,3
2019-03-01,SUL,234.49,2019,3
2019-04-01,NORDESTE,42.35,2019,4
2019-04-01,NORTE,42.35,2019,4
2019-04-01,SUDESTE,180.41,2019,4
2019-04-01,SUL,180.41,2019,4
2019-05-01,NORDESTE,50.95,2019,5
2019-05-01,NORTE,50.95,2019,5
2019-05-01,SUDESTE,135.17,2019,5
2019-05-01,SUL,135.17,2019,5
2019-06-01,NORDESTE,78.52,2019,6
2019-06-01,NORTE,78.52,2019,6
2019-06-01,SUDESTE,78.52,2019,6
2019-06-01,SUL,78.52,2019,6
2019-07-01,NORDESTE,177.49,2019,7
2019-07-01,NORTE,177.49,2019,7
2019-07-01,SUDESTE,185.52,2019,7
2019-07-01,SUL,185.52,2019,7
2019-08-01,NORDESTE,211.33,2019,8
2019-08-01,NORTE,211.33,2019,8
2019-08-01,SUDESTE,237.29,2019,8
2019-08-01,SUL,237.29,2019,8
2019-09-01,NORDESTE,218.52,2019,9
2019-09-01,NORTE,218.52,2019,9
2019-09-01,SUDESTE,219.57,2019,9
2019-09-01,SUL,219.57,2019,9
2019-10-01,NORDESTE,273.89,2019,10
2019-10-01,NORTE,273.89,2019,10
2019-10-01,SUDESTE,273.89,2019,10
2019-10-01,SUL,273.89,2019,10
2019-11-01,NORDESTE,317.28,2019,11
2019-11-01,NORTE,317.28,2019,11
2019-11-01,SUDESTE,317.28,2019,11
2019-11-01,SUL,317.28,2019,11
2019-12-01,NORDESTE,227.3,2019,12
2019-12-01,NORTE,227.3,2019,12
2019-12-01,SUDESTE,227.3,2019,12
2019-12-01,SUL,227.3,2019,12
2020-01-01,NORDESTE,327.22,2020,1
2020-01-01,NORTE,327.22,2020,1
2020-01-01,SUDESTE,327.38,2020,1
2020-01-01,SUL,327.38,2020,1
2020-02-01,NORDESTE,149.8,2020,2
2020-02-01,NORTE,125.84,2020,2
2020-02-01,SUDESTE,154.44,2020,2
2020-02-01,SUL,175.16,2020,2
2020-03-01,NORDESTE,66.92,2020,3
2020-03-01,NORTE,43.1,2020,3
2020-03-01,SUDESTE,81.86,2020,3
2020-03-01,SUL,150.18,2020,3
2020-04-01,NORDESTE,39.68,2020,4
2020-04-01,NORTE,39.68,2020,4
2020-04-01,SUDESTE,39.68,2020,4
2020-04-01,SUL,39.68,2020,4
2020-05-01,NORDESTE,39.68,2020,5
2020-05-01,NORTE,39.68,2020,5
2020-05-01,SUDESTE,71.95,2020,5
2020-05-01,SUL,71.95,2020,5
2020-06-01,NORDESTE,68.83,2020,6
2020-06-01,NORTE,69.41,2020,6
2020-06-01,SUDESTE,114.79,2020,6
2020-06-01,SUL,114.79,2020,6
2020-07-01,NORDESTE,85.56,2020,7
2020-07-01,NORTE,88.82,2020,7
2020-07-01,SUDESTE,89.04,2020,7
2020-07-01,SUL,89.04,2020,7
2020-08-01,NORDESTE,68.28,2020,8
2020-08-01,NORTE,85.15,2020,8
2020-08-01,SUDESTE,85.15,2020,8
2020-08-01,SUL,85.15,2020,8
2020-09-01,NORDESTE,77.37,2020,9
2020-09-01,NORTE,100.84,2020,9
2020-09-01,SUDESTE,100.84,2020,9
2020-09-01,SUL,100.84,2020,9
2020-10-01,NORDESTE,182.12,2020,10
2020-10-01,NORTE,288.64,2020,10
2020-10-01,SUDESTE,288.64,2020,10
2020-10-01,SUL,288.64,2020,10
2020-11-01,NORDESTE,242.52,2020,11
2020-11-01,NORTE,502.7,2020,11
2020-11-01,SUDESTE,502.7,2020,11
2020-11-01,SUL,502.7,2020,11
2020-12-01,NORDESTE,265.01,2020,12
2020-12-01,NORTE,267.49,2020,12
2020-12-01,SUDESTE,267.49,2020,12
2020-12-01,SUL,267.49,2020,12
2021-01-01,NORDESTE,239.02,2021,1
2021-01-01,NORTE,240.4,2021,1
2021-01-01,SUDESTE,242.72,2021,1
2021-01-01,SUL,240.37,2021,1
2021-02-01,NORDESTE,162.68,2021,2
2021-02-01,NORTE,162.5,2021,2
2021-02-01,SUDESTE,165.98,2021,2
2021-02-01,SUL,164.4,2021,2
2021-03-01,NORDESTE,78.02,2021,3
2021-03-01,NORTE,55.57,2021,3
2021-03-01,SUDESTE,109.02,2021,3
2021-03-01,SUL,110.28,2021,3
2021-04-01,NORDESTE,88.55,2021,4
2021-04-01,NORTE,77.27,2021,4
2021-04-01,SUDESTE,132.63,2021,4
2021-04-01,SUL,136.92,2021,4
2021-05-01,NORDESTE,189.32,2021,5
2021-05-01,NORTE,189.12,2021,5
2021-05-01,SUDESTE,218.7,2021,5
2021-05-01,SUL,226.16,2021,5
2021-06-01,NORDESTE,328.76,2021,6
2021-06-01,NORTE,335.72,2021,6
2021-06-01,SUDESTE,336.99,2021,6
2021-06-01,SUL,336.99,2021,6
2021-07-01,NORDESTE,583.88,2021,7
2021-07-01,NORTE,583.88,2021,7
2021-07-01,SUDESTE,583.88,2021,7
2021-07-01,SUL,583.88,2021,7
2021-08-01,NORDESTE,583.88,2021,8
2021-08-01,NORTE,583.88,2021,8
2021-08-01,SUDESTE,583.88,2021,8
2021-08-01,SUL,583.88,2021,8
2021-09-01,NORDESTE,570.39,2021,9
2021-09-01,NORTE,577.37,2021,9
2021-09-01,SUDESTE,577.37,2021,9
2021-09-01,SUL,577.37,2021,9
2021-10-01,NORDESTE,248.97,2021,10
2021-10-01,NORTE,249.36,2021,10
2021-10-01,SUDESTE,249.36,2021,10
2021-10-01,SUL,249.36,2021,10
2021-11-01,NORDESTE,88.08,2021,11
2021-11-01,NORTE,88.1,2021,11
2021-11-01,SUDESTE,88.1,2021,11
2021-11-01,SUL,88.1,2021,11
2021-12-01,NORDESTE,66.46,2021,12
2021-12-01,NORTE,66.31,2021,12
2021-12-01,SUDESTE,66.67,2021,12
2021-12-01,SUL,66.67,2021,12
2022-01-01,NORDESTE,57.22,2022,1
2022-01-01,NORTE,55.71,2022,1
2022-01-01,SUDESTE,62.91,2022,1
2022-01-01,SUL,62.92,2022,1
2022-02-01,NORDESTE,55.7,2022,2
2022-02-01,NORTE,55.7,2022,2
2022-02-01,SUDESTE,55.7,2022,2
2022-02-01,SUL,55.7,2022,2
2022-03-01,NORDESTE,55.7,2022,3
2022-03-01,NORTE,55.7,2022,3
2022-03-01,SUDESTE,55.7,2022,3
2022-03-01,SUL,55.7,2022,3
2022-04-01,NORDESTE,55.7,2022,4
2022-04-01,NORTE,55.7,2022,4
2022-04-01,SUDESTE,55.7,2022,4
2022-04-01,SUL,55.7,2022,4
2022-05-01,NORDESTE,55.7,2022,5
2022-05-01,NORTE,55.7,2022,5
2022-05-01,SUDESTE,55.7,2022,5
2022-05-01,SUL,55.7,2022,5
2022-06-01,NORDESTE,55.71,2022,6
2022-06-01,NORTE,55.71,2022,6
2022-06-01,SUDESTE,55.71,2022,6
2022-06-01,SUL,55.71,2022,6
2022-07-01,NORDESTE,66.3,2022,7
2022-07-01,NORTE,66.32,2022,7
2022-07-01,SUDESTE,66.32,2022,7
2022-07-01,SUL,66.32,2022,7
2022-08-01,NORDESTE,76.9,2022,8
2022-08-01,NORTE,76.9,2022,8
2022-08-01,SUDESTE,76.9,2022,8
2022-08-01,SUL,76.9,2022,8
2022-09-01,NORDESTE,56.08,2022,9
2022-09-01,NORTE,56.08,2022,9
2022-09-01,SUDESTE,56.08,2022,9
2022-09-01,SUL,56.08,2022,9
2022-10-01,NORDESTE,55.7,2022,10
2022-10-01,NORTE,55.7,2022,10
2022-10-01,SUDESTE,55.7,2022,10
2022-10-01,SUL,55.7,2022,10
2022-11-01,NORDESTE,55.7,2022,11
2022-11-01,NORTE,55.7,2022,11
2022-11-01,SUDESTE,55.7,2022,11
2022-11-01,SUL,55.7,2022,11
2022-12-01,NORDESTE,55.7,2022,12
2022-12-01,NORTE,55.7,2022,12
2022-12-01,SUDESTE,55.7,2022,12
2022-12-01,SUL,55.7,2022,12
2023-01-01,NORDESTE,69.04,2023,1
2023-01-01,NORTE,69.04,2023,1
2023-01-01,SUDESTE,69.04,2023,1
2023-01-01,SUL,69.04,2023,1
2023-02-01,NORDESTE,69.04,2023,2
2023-02-01,NORTE,69.04,2023,2
2023-02-01,SUDESTE,69.04,2023,2
2023-02-01,SUL,69.04,2023,2
2023-03-01,NORDESTE,69.04,2023,3
2023-03-01,NORTE,69.04,2023,3
2023-03-01,SUDESTE,69.04,2023,3
2023-03-01,SUL,69.04,2023,3
2023-04-01,NORDESTE,69.04,2023,4
2023-04-01,NORTE,69.04,2023,4
2023-04-01,SUDESTE,69.04,2023,4
2023-04-01,SUL,69.04,2023,4
2023-05-01,NORDESTE,69.04,2023,5
2023-05-01,NORTE,69.04,2023,5
2023-05-01,SUDESTE,69.04,2023,5
2023-05-01,SUL,69.04,2023,5
2023-06-01,NORDESTE,69.04,2023,6
2023-06-01,NORTE,69.04,2023,6
2023-06-01,SUDESTE,69.04,2023,6
2023-06-01,SUL,69.04,2023,6
2023-07-01,NORDESTE,69.04,2023,7
2023-07-01,NORTE,69.04,2023,7
2023-07-01,SUDESTE,69.04,2023,7
2023-07-01,SUL,69.04,2023,7
2023-08-01,NORDESTE,69.04,2023,8
2023-08-01,NORTE,69.04,2023,8
2023-08-01,SUDESTE,69.04,2023,8
2023-08-01,SUL,69.04,2023,8
2023-09-01,NORDESTE,80.37,2023,9
2023-09-01,NORTE,80.37,2023,9
2023-09-01,SUDESTE,80.37,2023,9
2023-09-01,SUL,80.37,2023,9
2023-10-01,NORDESTE,74.84,2023,10
2023-10-01,NORTE,74.84,2023,10
2023-10-01,SUDESTE,74.84,2023,10
2023-10-01,SUL,74.84,2023,10
2023-11-01,NORDESTE,84.4,2023,11
2023-11-01,NORTE,84.4,2023,11
2023-11-01,SUDESTE,84.4,2023,11
2023-11-01,SUL,84.4,2023,11
2023-12-01,NORDESTE,74.09,2023,12
2023-12-01,NORTE,74.09,2023,12
2023-12-01,SUDESTE,74.09,2023,12
2023-12-01,SUL,74.09,2023,12
2024-01-01,NORDESTE,61.14,2024,1
2024-01-01,NORTE,61.14,2024,1
2024-01-01,SUDESTE,61.14,2024,1
2024-01-01,SUL,61.14,2024,1
2024-02-01,NORDESTE,61.2,2024,2
2024-02-01,NORTE,61.2,2024,2
2024-02-01,SUDESTE,61.2,2024,2
2024-02-01,SUL,61.2,2024,2
2024-03-01,NORDESTE,61.07,2024,3
2024-03-01,NORTE,61.07,2024,3
2024-03-01,SUDESTE,61.07,2024,3
2024-03-01,SUL,61.07,2024,3
2024-04-01,NORDESTE,61.07,2024,4
2024-04-01,NORTE,61.07,2024,4
2024-04-01,SUDESTE,61.07,2024,4
2024-04-01,SUL,61.07,2024,4
2024-05-01,NORDESTE,61.07,2024,5
2024-05-01,NORTE,61.07,2024,5
2024-05-01,SUDESTE,61.07,2024,5
2024-05-01,SUL,61.07,2024,5
2024-06-01,NORDESTE,66.4,2024,6
2024-06-01,NORTE,66.41,2024,6
2024-06-01,SUDESTE,66.41,2024,6
2024-06-01,SUL,66.4,2024,6
2024-07-01,NORDESTE,84.28,2024,7
2024-07-01,NORTE,87.08,2024,7
2024-07-01,SUDESTE,87.07,2024,7
2024-07-01,SUL,87.05,2024,7
2024-08-01,NORDESTE,103.82,2024,8
2024-08-01,NORTE,118.8,2024,8
2024-08-01,SUDESTE,118.79,2024,8
2024-08-01,SUL,118.79,2024,8
2024-09-01,NORDESTE,243.3,2024,9
2024-09-01,NORTE,316.41,2024,9
2024-09-01,SUDESTE,307.59,2024,9
2024-09-01,SUL,307.78,2024,9
2024-10-01,NORDESTE,449.83,2024,10
2024-10-01,NORTE,482.54,2024,10
2024-10-01,SUDESTE,480.78,2024,10
2024-10-01,SUL,480.76,2024,10
2024-11-01,NORDESTE,102.14,2024,11
2024-11-01,NORTE,103.66,2024,11
2024-11-01,SUDESTE,103.51,2024,11
2024-11-01,SUL,103.51,2024,11
2024-12-01,NORDESTE,64.8,2024,12
2024-12-01,NORTE,64.8,2024,12
2024-12-01,SUDESTE,64.8,2024,12
2024-12-01,SUL,64.8,2024,12
2025-01-01,NORDESTE,59.18,2025,1
2025-01-01,NORTE,59.18,2025,1
2025-01-01,SUDESTE,59.21,2025,1
2025-01-01,SUL,59.21,2025,1
2025-02-01,NORDESTE,58.6,2025,2
2025-02-01,NORTE,58.6,2025,2
2025-02-01,SUDESTE,93.76,2025,2
2025-02-01,SUL,93.83,2025,2
2025-03-01,NORDESTE,58.96,2025,3
2025-03-01,NORTE,58.96,2025,3
2025-03-01,SUDESTE,327.32,2025,3
2025-03-01,SUL,332.56,2025,3
2025-04-01,NORDESTE,107.28,2025,4
2025-04-01,NORTE,107.27,2025,4
2025-04-01,SUDESTE,202.18,2025,4
2025-04-01,SUL,202.98,2025,4
2025-05-01,NORDESTE,124.98,2025,5
2025-05-01,NORTE,125.19,2025,5
2025-05-01,SUDESTE,212.58,2025,5
2025-05-01,SUL,233.39,2025,5
2025-06-01,NORDESTE,230.9,2025,6
2025-06-01,NORTE,232.29,2025,6
2025-06-01,SUDESTE,234.71,2025,6
2025-06-01,SUL,236.1,2025,6
2025-07-01,NORDESTE,205.55,2025,7
2025-07-01,NORTE,207.88,2025,7
2025-07-01,SUDESTE,210.02,2025,7
2025-07-01,SUL,211.67,2025,7
2025-08-01,NORDESTE,268.67,2025,8
2025-08-01,NORTE,285.88,2025,8
2025-08-01,SUDESTE,287.17,2025,8
2025-08-01,SUL,287.17,2025,8
2025-09-01,NORDESTE,245.86,2025,9
2025-09-01,NORTE,259.46,2025,9
2025-09-01,SUDESTE,260.35,2025,9
2025-09-01,SUL,260.34,2025,9
2025-10-01,NORDESTE,218.37,2025,10
2025-10-01,NORTE,249.4,2025,10
2025-10-01,SUDESTE,250.19,2025,10
2025-10-01,SUL,250.18,2025,10
2025-11-01,NORDESTE,275.04,2025,11
2025-11-01,NORTE,276.62,2025,11
2025-11-01,SUDESTE,278.18,2025,11
2025-11-01,SUL,278.02,2025,11
2025-12-01,NORDESTE,265.87,2025,12
2025-12-01,NORTE,265.87,2025,12
2025-12-01,SUDESTE,265.89,2025,12
2025-12-01,SUL,265.89,2025,12
2026-01-01,NORDESTE,238.87,2026,1
2026-01-01,NORTE,240.38,2026,1
2026-01-01,SUDESTE,247.36,2026,1
2026-01-01,SUL,249.95,2026,1
2026-02-01,NORDESTE,380.14,2026,2
2026-02-01,NORTE,380.14,2026,2
2026-02-01,SUDESTE,382.41,2026,2
2026-02-01,SUL,402.69,2026,2
2026-03-01,NORDESTE,250.39,2026,3
2026-03-01,NORTE,250.39,2026,3
2026-03-01,SUDESTE,301.85,2026,3
2026-03-01,SUL,425.57,2026,3
2026-04-01,NORDESTE,139.28,2026,4
2026-04-01,NORTE,139.58,2026,4
2026-04-01,SUDESTE,211.38,2026,4
2026-04-01,SUL,254.03,2026,4
2026-05-01,NORDESTE,166.69,2026,5
2026-05-01,NORTE,169.13,2026,5
2026-05-01,SUDESTE,220.05,2026,5
2026-05-01,SUL,244.33,2026,5
2026-06-01,NORDESTE,184.42,2026,6
2026-06-01,NORTE,186.69,2026,6
2026-06-01,SUDESTE,187.83,2026,6
2026-06-01,SUL,193.64,2026,6
